Название,Название в оригинале,Год,Продолжительность,Страна,Жанр,Режиссер,Рейтинг,Ссылка
Оппенгеймер,Oppenheimer,2023,180,США,биография,Кристофер Нолан,8.2,https://www.kinopoisk.ru/film/4664634/
Оставленные,The Holdovers,2023,133,США,драма,Александр Пэйн,7.7,https://www.kinopoisk.ru/film/4499386/
Бедные-несчастные,Poor Things,2023,141,Ирландия,драма,Йоргос Лантимос,7.7,https://www.kinopoisk.ru/film/4396438/
Прошлые жизни,Past Lives,2023,105,США,мелодрама,Селин Сон,7.4,https://www.kinopoisk.ru/film/1346482/
Американское чтиво,American Fiction,2023,116,США,драма,Корд Джефферсон,7.3,https://www.kinopoisk.ru/film/5212291/
Убийцы цветочной луны,Killers of the Flower Moon,2023,206,США,драма,Мартин Скорсезе,7.2,https://www.kinopoisk.ru/film/1077781/
Зона интересов,The Zone of Interest,2023,105,США,драма,Джонатан Глейзер,6.9,https://www.kinopoisk.ru/film/1048873/
Анатомия падения,Anatomie d'une chute,2023,151,Франция,драма,Жюстин Трие,6.8,https://www.kinopoisk.ru/film/4910679/
Барби,Barbie,2023,114,США,комедия,Грета Гервиг,6.6,https://www.kinopoisk.ru/film/478052/
Маэстро,Maestro,2023,129,США,биография,Брэдли Купер,6.2,https://www.kinopoisk.ru/film/1156789/
Аватар: Путь воды,Avatar: The Way of Water,2022,192,США,фантастика,Джеймс Кэмерон,7.8,https://www.kinopoisk.ru/film/505898/
Топ Ган: Мэверик,Top Gun: Maverick,2022,130,США,боевик,Джозеф Косински,7.7,https://www.kinopoisk.ru/film/572032/
На Западном фронте без перемен,Im Westen nichts Neues,2022,148,Германия,военный,Эдвард Бергер,7.6,https://www.kinopoisk.ru/film/316376/
Фабельманы,The Fabelmans,2022,151,США,драма,Стивен Спилберг,7.6,https://www.kinopoisk.ru/film/4472502/
Банши Инишерина,The Banshees of Inisherin,2022,114,Великобритания,драма,Мартин Макдона,7.5,https://www.kinopoisk.ru/film/1354524/
Всё везде и сразу,Everything Everywhere All at Once,2021,139,США,фантастика,Дэн Кван,7.2,https://www.kinopoisk.ru/film/1322324/
Тар,Tár,2022,158,США,драма,Тодд Филд,7.2,https://www.kinopoisk.ru/film/4511218/
Элвис,Elvis,2022,159,США,биография,Баз Лурман,7.1,https://www.kinopoisk.ru/film/1179041/
Треугольник печали,Triangle of Sadness,2022,147,Великобритания,драма,Рубен Эстлунд,6.5,https://www.kinopoisk.ru/film/1348487/
Говорят женщины,Women Talking,2022,104,США,драма,Сара Полли,6.2,https://www.kinopoisk.ru/film/4308297/
CODA: Ребенок глухих родителей,CODA,2020,111,Франция,драма,Шан Хейдер,8.0,https://www.kinopoisk.ru/film/1311466/
Дюна,Dune: Part One,2021,155,США,фантастика,Дени Вильнёв,7.7,https://www.kinopoisk.ru/film/409424/
Король Ричард,King Richard,2021,144,США,биография,Рейнальдо Маркус Грин,7.6,https://www.kinopoisk.ru/film/1272469/
Не смотрите наверх,Don't Look Up,2021,138,США,драма,Адам Маккей,7.5,https://www.kinopoisk.ru/film/1338480/
Сядь за руль моей машины,Doraibu mai ka,2021,179,Япония,драма,Рюсукэ Хамагути,7.3,https://www.kinopoisk.ru/film/4382259/
Аллея кошмаров,Nightmare Alley,2021,150,США,триллер,Гильермо дель Торо,7.1,https://www.kinopoisk.ru/film/1125892/
Лакричная пицца,Licorice Pizza,2021,133,США,драма,Пол Томас Андерсон,7.0,https://www.kinopoisk.ru/film/1320623/
Белфаст,Belfast,2021,98,Великобритания,драма,Кеннет Брана,7.0,https://www.kinopoisk.ru/film/1397888/
Вестсайдская история,West Side Story,2021,156,США,мюзикл,Стивен Спилберг,6.7,https://www.kinopoisk.ru/film/839653/
Власть пса,The Power of the Dog,2021,126,Новая Зеландия,драма,Джейн Кэмпион,6.6,https://www.kinopoisk.ru/film/1262931/
Отец,The Father,2020,97,Великобритания,драма,Флориан Зеллер,7.8,https://www.kinopoisk.ru/film/1262160/
Суд над чикагской семеркой,The Trial of the Chicago 7,2020,129,США,триллер,Аарон Соркин,7.6,https://www.kinopoisk.ru/film/402981/
Звук металла,Sound of Metal,2019,120,США,драма,Дариус Мардер,7.3,https://www.kinopoisk.ru/film/957883/
Земля кочевников,Nomadland,2020,110,США,драма,Хлоя Чжао,7.2,https://www.kinopoisk.ru/film/1238506/
Манк,Mank,2020,131,США,биография,Дэвид Финчер,7.0,https://www.kinopoisk.ru/film/1283862/
Минари,Minari,2020,115,США,драма,Ли Айзек Чун,6.9,https://www.kinopoisk.ru/film/1286541/
"Девушка, подающая надежды",Promising Young Woman,2020,113,Великобритания,триллер,Эмиральд Феннел,6.8,https://www.kinopoisk.ru/film/1236567/
Иуда и чёрный мессия,Judas and the Black Messiah,2020,126,США,биография,Шака Кинг,6.4,https://www.kinopoisk.ru/film/1239696/
Ford против Ferrari,Ford v Ferrari,2019,152,США,биография,Джеймс Мэнголд,8.2,https://www.kinopoisk.ru/film/835086/
Паразиты,Gisaengchung,2019,131,Корея Южная,драма,Пон Джун-хо,8.0,https://www.kinopoisk.ru/film/1043758/
Джокер,Joker,2019,122,США,драма,Тодд Филлипс,8.0,https://www.kinopoisk.ru/film/1048334/
Кролик Джоджо,Jojo Rabbit,2019,108,Новая Зеландия,комедия,Тайка Вайтити,7.9,https://www.kinopoisk.ru/film/726838/
1917,1917,2019,119,Великобритания,военный,Сэм Мендес,7.9,https://www.kinopoisk.ru/film/1171976/
Маленькие женщины,Little Women,2019,135,США,драма,Грета Гервиг,7.8,https://www.kinopoisk.ru/film/807339/
Однажды в… Голливуде,Once Upon a Time in... Hollywood,2019,161,США,драма,Квентин Тарантино,7.7,https://www.kinopoisk.ru/film/1047883/
История о супружестве,Marriage Story,2019,137,Великобритания,драма,Ноа Баумбак,7.6,https://www.kinopoisk.ru/film/1115486/
Ирландец,The Irishman,2019,209,США,криминал,Мартин Скорсезе,7.4,https://www.kinopoisk.ru/film/462305/
Зеленая книга,Green Book,2018,130,США,биография,Питер Фаррелли,8.5,https://www.kinopoisk.ru/film/1108577/
Богемская рапсодия,Bohemian Rhapsody,2018,134,Великобритания,биография,Брайан Сингер,8.0,https://www.kinopoisk.ru/film/568289/
Звезда родилась,A Star Is Born,2018,136,США,мелодрама,Брэдли Купер,7.4,https://www.kinopoisk.ru/film/474935/
Фаворитка,The Favourite,2018,119,Великобритания,драма,Йоргос Лантимос,7.3,https://www.kinopoisk.ru/film/938644/
Власть,Vice,2018,132,США,драма,Адам Маккей,7.2,https://www.kinopoisk.ru/film/1044045/
Рома,Roma,2018,135,Мексика,драма,Альфонсо Куарон,7.2,https://www.kinopoisk.ru/film/1008486/
Чёрный клановец,BlacKkKlansman,2018,135,США,драма,Спайк Ли,6.8,https://www.kinopoisk.ru/film/1093170/
Чёрная Пантера,Black Panther,2018,134,США,фантастика,Райан Куглер,6.6,https://www.kinopoisk.ru/film/623250/
"Три билборда на границе Эббинга, Миссури","Three Billboards Outside Ebbing, Missouri",2017,115,Великобритания,драма,Мартин Макдона,8.1,https://www.kinopoisk.ru/film/944098/
Назови меня своим именем,Call Me by Your Name,2017,132,Италия,драма,Лука Гуаданьино,7.6,https://www.kinopoisk.ru/film/979148/
Темные времена,Darkest Hour,2017,125,Великобритания,драма,Джо Райт,7.4,https://www.kinopoisk.ru/film/972777/
Дюнкерк,Dunkirk,2017,106,Великобритания,военный,Кристофер Нолан,7.3,https://www.kinopoisk.ru/film/931677/
Прочь,Get Out,2017,104,США,ужасы,Джордан Пил,7.1,https://www.kinopoisk.ru/film/944708/
Призрачная нить,Phantom Thread,2017,130,США,драма,Пол Томас Андерсон,7.1,https://www.kinopoisk.ru/film/991628/
Леди Бёрд,Lady Bird,2017,94,США,драма,Грета Гервиг,7.0,https://www.kinopoisk.ru/film/958293/
Форма воды,The Shape of Water,2017,123,США,фантастика,Гильермо дель Торо,6.9,https://www.kinopoisk.ru/film/977743/
Секретное досье,The Post,2017,116,США,триллер,Стивен Спилберг,6.8,https://www.kinopoisk.ru/film/1040567/
По соображениям совести,Hacksaw Ridge,2016,139,США,биография,Мэл Гибсон,8.2,https://www.kinopoisk.ru/film/649917/
Лев,Lion,2016,118,Австралия,драма,Гарт Дэвис,8.1,https://www.kinopoisk.ru/film/864138/
Ла-Ла Ленд,La La Land,2016,128,США,мюзикл,Дэмьен Шазелл,8.0,https://www.kinopoisk.ru/film/841081/
Скрытые фигуры,Hidden Figures,2016,127,США,драма,Тед Мелфи,8.0,https://www.kinopoisk.ru/film/966036/
Прибытие,Arrival,2016,116,США,фантастика,Дени Вильнёв,7.6,https://www.kinopoisk.ru/film/718811/
Манчестер у моря,Manchester by the Sea,2016,137,США,драма,Кеннет Лонерган,7.3,https://www.kinopoisk.ru/film/884376/
Любой ценой,Hell or High Water,2016,102,США,боевик,Дэвид Маккензи,7.2,https://www.kinopoisk.ru/film/726794/
Ограды,Fences,2016,139,США,драма,Дензел Вашингтон,6.9,https://www.kinopoisk.ru/film/735160/
Лунный свет,Moonlight,2016,110,США,драма,Барри Дженкинс,6.2,https://www.kinopoisk.ru/film/939981/
Выживший,The Revenant,2015,156,Гонконг,приключения,Алехандро Гонсалес Иньярриту,7.8,https://www.kinopoisk.ru/film/522941/
Безумный Макс: Дорога ярости,Mad Max: Fury Road,2015,120,Австралия,боевик,Джордж Миллер,7.8,https://www.kinopoisk.ru/film/453406/
Марсианин,The Martian,2015,144,США,фантастика,Ридли Скотт,7.8,https://www.kinopoisk.ru/film/841700/
В центре внимания,Spotlight,2015,129,США,драма,Том Маккарти,7.6,https://www.kinopoisk.ru/film/834394/
Комната,Room,2015,118,Ирландия,триллер,Леонард Абрахамсон,7.6,https://www.kinopoisk.ru/film/798068/
Шпионский мост,Bridge of Spies,2015,142,США,триллер,Стивен Спилберг,7.5,https://www.kinopoisk.ru/film/840884/
Игра на понижение,The Big Short,2015,130,США,драма,Адам Маккей,7.4,https://www.kinopoisk.ru/film/501333/
Бруклин,Brooklyn,2015,117,Ирландия,драма,Джон Краули,7.1,https://www.kinopoisk.ru/film/678550/
Одержимость,Whiplash,2013,106,США,драма,Дэмьен Шазелл,8.4,https://www.kinopoisk.ru/film/725190/
Отель «Гранд Будапешт»,The Grand Budapest Hotel,2014,100,США,комедия,Уэс Андерсон,7.9,https://www.kinopoisk.ru/film/683999/
Вселенная Стивена Хокинга,The Theory of Everything,2014,123,Великобритания,биография,Джеймс Марш,7.9,https://www.kinopoisk.ru/film/770973/
Бёрдмэн,Birdman or (The Unexpected Virtue of Ignorance),2014,119,США,драма,Алехандро Гонсалес Иньярриту,7.7,https://www.kinopoisk.ru/film/722827/
Игра в имитацию,The Imitation Game,2014,114,Великобритания,биография,Мортен Тильдум,7.6,https://www.kinopoisk.ru/film/635772/
Отрочество,Boyhood,2014,166,США,драма,Ричард Линклейтер,7.4,https://www.kinopoisk.ru/film/391729/
Снайпер,American Sniper,2014,132,США,боевик,Клинт Иствуд,7.0,https://www.kinopoisk.ru/film/683919/
Сельма,Selma,2014,128,Великобритания,драма,Ава ДюВерней,6.8,https://www.kinopoisk.ru/film/464607/
Волк с Уолл-стрит,The Wolf of Wall Street,2013,180,США,драма,Мартин Скорсезе,8.0,https://www.kinopoisk.ru/film/462682/
Далласский клуб покупателей,Dallas Buyers Club,2013,118,США,драма,Жан-Марк Валле,7.9,https://www.kinopoisk.ru/film/260162/
12 лет рабства,12 Years a Slave,2013,133,Великобритания,драма,Стив МакКуин,7.8,https://www.kinopoisk.ru/film/606646/
Она,Her,2013,126,США,мелодрама,Спайк Джонс,7.7,https://www.kinopoisk.ru/film/577488/
Капитан Филлипс,Captain Phillips,2013,134,США,триллер,Пол Гринграсс,7.6,https://www.kinopoisk.ru/film/484438/
Небраска,Nebraska,2013,115,США,драма,Александр Пэйн,7.6,https://www.kinopoisk.ru/film/582391/
Филомена,Philomena,2013,98,Великобритания,драма,Стивен Фрирз,7.5,https://www.kinopoisk.ru/film/710432/
Гравитация,Gravity,2013,90,США,фантастика,Альфонсо Куарон,7.5,https://www.kinopoisk.ru/film/468466/
Афера по-американски,American Hustle,2013,138,США,драма,Дэвид О. Расселл,6.9,https://www.kinopoisk.ru/film/635177/
Джанго освобожденный,Django Unchained,2012,165,США,вестерн,Квентин Тарантино,8.2,https://www.kinopoisk.ru/film/586397/
Отверженные,Les Misérables,2012,158,Великобритания,мюзикл,Том Хупер,7.9,https://www.kinopoisk.ru/film/566055/
Жизнь Пи,Life of Pi,2012,127,США,фэнтези,Энг Ли,7.8,https://www.kinopoisk.ru/film/158786/
Любовь,Amour,2012,127,Франция,драма,Михаэль Ханеке,7.6,https://www.kinopoisk.ru/film/506239/
Операция «Арго»,Argo,2012,120,Великобритания,триллер,Бен Аффлек,7.5,https://www.kinopoisk.ru/film/462487/
Мой парень — псих,Silver Linings Playbook,2012,120,США,драма,Дэвид О. Расселл,7.2,https://www.kinopoisk.ru/film/462938/
Линкольн,Lincoln,2012,150,США,драма,Стивен Спилберг,6.9,https://www.kinopoisk.ru/film/102122/
Цель номер один,Zero Dark Thirty,2012,157,США,триллер,Кэтрин Бигелоу,6.8,https://www.kinopoisk.ru/film/575332/
Звери дикого Юга,Beasts of the Southern Wild,2012,91,США,драма,Бен Зайтлин,6.7,https://www.kinopoisk.ru/film/656008/
Прислуга,The Help,2011,146,США,драма,Тейт Тейлор,8.2,https://www.kinopoisk.ru/film/470553/
Артист,The Artist,2011,96,Франция,драма,Мишель Хазанавичус,8.0,https://www.kinopoisk.ru/film/539550/
Полночь в Париже,Midnight in Paris,2011,94,США,фэнтези,Вуди Аллен,7.8,https://www.kinopoisk.ru/film/504465/
"Человек, который изменил всё",Moneyball,2011,133,США,драма,Беннетт Миллер,7.7,https://www.kinopoisk.ru/film/432791/
Боевой конь,War Horse,2011,146,США,боевик,Стивен Спилберг,7.7,https://www.kinopoisk.ru/film/492174/
Жутко громко и запредельно близко,Extremely Loud & Incredibly Close,2011,129,США,драма,Стивен Долдри,7.6,https://www.kinopoisk.ru/film/195432/
Хранитель времени,Hugo,2011,126,США,драма,Мартин Скорсезе,6.9,https://www.kinopoisk.ru/film/462247/
Потомки,The Descendants,2011,115,США,драма,Александр Пэйн,6.9,https://www.kinopoisk.ru/film/395369/
Древо жизни,The Tree of Life,2010,139,США,фэнтези,Терренс Малик,6.6,https://www.kinopoisk.ru/film/256408/
Начало,Inception,2010,148,США,фантастика,Кристофер Нолан,8.7,https://www.kinopoisk.ru/film/447301/
Король говорит!,The King's Speech,2010,118,Великобритания,драма,Том Хупер,8.0,https://www.kinopoisk.ru/film/485311/
История игрушек: Большой побег,Toy Story 3,2010,103,США,мультфильм,Ли Анкрич,7.9,https://www.kinopoisk.ru/film/258328/
Боец,The Fighter,2010,114,США,драма,Дэвид О. Расселл,7.8,https://www.kinopoisk.ru/film/279580/
Чёрный лебедь,Black Swan,2010,103,США,драма,Даррен Аронофски,7.7,https://www.kinopoisk.ru/film/278273/
Социальная сеть,The Social Network,2010,120,США,драма,Дэвид Финчер,7.7,https://www.kinopoisk.ru/film/427198/
127 часов,127 Hours,2010,93,Великобритания,триллер,Дэнни Бойл,7.7,https://www.kinopoisk.ru/film/484878/
Железная хватка,True Grit,2010,110,США,вестерн,Итан Коэн,7.6,https://www.kinopoisk.ru/film/462553/
Детки в порядке,The Kids Are All Right,2010,106,США,драма,Лиза Холоденко,6.6,https://www.kinopoisk.ru/film/261376/
Зимняя кость,Winter's Bone,2010,100,США,драма,Дебра Граник,6.5,https://www.kinopoisk.ru/film/455627/
Невидимая сторона,The Blind Side,2009,129,США,драма,Джон Ли Хэнкок,8.2,https://www.kinopoisk.ru/film/450213/
Вверх,Up,2009,96,США,мультфильм,Пит Доктер,8.0,https://www.kinopoisk.ru/film/325381/
Бесславные ублюдки,Inglourious Basterds,2009,153,Германия,боевик,Квентин Тарантино,8.0,https://www.kinopoisk.ru/film/9691/
Аватар,Avatar,2009,162,США,фантастика,Джеймс Кэмерон,8.0,https://www.kinopoisk.ru/film/251733/
Район №9,District 9,2009,112,ЮАР,фантастика,Нил Бломкамп,7.8,https://www.kinopoisk.ru/film/397494/
Воспитание чувств,An Education,2008,100,Великобритания,драма,Лоне Шерфиг,7.4,https://www.kinopoisk.ru/film/404414/
Мне бы в небо,Up in the Air,2009,109,США,драма,Джейсон Райтман,7.3,https://www.kinopoisk.ru/film/464130/
Повелитель бури,The Hurt Locker,2008,126,США,триллер,Кэтрин Бигелоу,7.3,https://www.kinopoisk.ru/film/281040/
Сокровище,Precious,2009,110,США,драма,Ли Дэниелс,7.2,https://www.kinopoisk.ru/film/397952/
Серьёзный человек,A Serious Man,2009,106,Великобритания,драма,Итан Коэн,6.9,https://www.kinopoisk.ru/film/416275/
Загадочная история Бенджамина Баттона,The Curious Case of Benjamin Button,2008,166,США,драма,Дэвид Финчер,8.1,https://www.kinopoisk.ru/film/81555/
Чтец,The Reader,2008,124,США,драма,Стивен Долдри,8.0,https://www.kinopoisk.ru/film/325439/
Миллионер из трущоб,Slumdog Millionaire,2008,120,Великобритания,криминал,Дэнни Бойл,7.8,https://www.kinopoisk.ru/film/413362/
Фрост против Никсона,Frost/Nixon,2008,122,Великобритания,драма,Рон Ховард,7.6,https://www.kinopoisk.ru/film/309328/
Харви Милк,Milk,2008,128,США,драма,Гас Ван Сент,7.1,https://www.kinopoisk.ru/film/395773/
Искупление,Atonement,2007,120,Великобритания,драма,Джо Райт,8.0,https://www.kinopoisk.ru/film/255611/
Нефть,There Will Be Blood,2007,158,США,драма,Пол Томас Андерсон,7.8,https://www.kinopoisk.ru/film/196604/
Старикам тут не место,No Country for Old Men,2007,122,США,триллер,Итан Коэн,7.8,https://www.kinopoisk.ru/film/195434/
Джуно,Juno,2007,96,США,драма,Джейсон Райтман,7.2,https://www.kinopoisk.ru/film/197488/
Майкл Клейтон,Michael Clayton,2007,119,США,триллер,Тони Гилрой,6.7,https://www.kinopoisk.ru/film/104945/
Отступники,The Departed,2006,151,США,криминал,Мартин Скорсезе,8.5,https://www.kinopoisk.ru/film/81314/
Письма с Иводзимы,Letters from Iwo Jima,2006,141,США,драма,Клинт Иствуд,7.6,https://www.kinopoisk.ru/film/252260/
Вавилон,Babel,2006,143,США,драма,Алехандро Гонсалес Иньярриту,7.6,https://www.kinopoisk.ru/film/102125/
Королева,The Queen,2005,103,Великобритания,драма,Стивен Фрирз,7.5,https://www.kinopoisk.ru/film/161917/
Маленькая мисс Счастье,Little Miss Sunshine,2006,101,США,драма,Джонатан Дэйтон,7.5,https://www.kinopoisk.ru/film/164089/
Столкновение,Crash,2004,112,США,триллер,Пол Хаггис,7.8,https://www.kinopoisk.ru/film/61297/
Горбатая гора,Brokeback Mountain,2005,134,США,вестерн,Энг Ли,7.6,https://www.kinopoisk.ru/film/77647/
Мюнхен,Munich,2005,164,США,триллер,Стивен Спилберг,7.4,https://www.kinopoisk.ru/film/81287/
Капоте,Capote,2005,114,США,биография,Беннетт Миллер,7.0,https://www.kinopoisk.ru/film/48422/
Доброй ночи и удачи,"Good Night, and Good Luck.",2005,93,США,драма,Джордж Клуни,7.0,https://www.kinopoisk.ru/film/86991/
Малышка на миллион,Million Dollar Baby,2004,132,США,драма,Клинт Иствуд,8.1,https://www.kinopoisk.ru/film/81297/
Рэй,Ray,2004,152,США,драма,Тейлор Хэкфорд,8.1,https://www.kinopoisk.ru/film/5319/
Волшебная страна,Finding Neverland,2004,97,США,драма,Марк Форстер,7.9,https://www.kinopoisk.ru/film/4511/
Авиатор,The Aviator,2004,163,США,драма,Мартин Скорсезе,7.6,https://www.kinopoisk.ru/film/6374/
На обочине,Sideways,2004,127,США,драма,Александр Пэйн,7.0,https://www.kinopoisk.ru/film/61274/
Властелин колец: Возвращение короля,The Lord of the Rings: The Return of the King,2003,201,Новая Зеландия,фэнтези,Питер Джексон,8.7,https://www.kinopoisk.ru/film/3498/
Фаворит,Seabiscuit,2003,140,США,драма,Гэри Росс,7.8,https://www.kinopoisk.ru/film/2976/
Таинственная река,Mystic River,2003,138,США,триллер,Клинт Иствуд,7.8,https://www.kinopoisk.ru/film/3730/
Хозяин морей: На краю Земли,Master and Commander: The Far Side of the World,2003,138,США,боевик,Питер Уир,7.6,https://www.kinopoisk.ru/film/5565/
Трудности перевода,Lost in Translation,2003,102,США,драма,София Коппола,7.2,https://www.kinopoisk.ru/film/5930/
Властелин колец: Две крепости,The Lord of the Rings: The Two Towers,2002,179,Новая Зеландия,фэнтези,Питер Джексон,8.6,https://www.kinopoisk.ru/film/312/
Пианист,The Pianist,2002,149,Франция,драма,Роман Полански,8.5,https://www.kinopoisk.ru/film/355/
Банды Нью-Йорка,Gangs of New York,2002,167,США,драма,Мартин Скорсезе,7.7,https://www.kinopoisk.ru/film/678/
Чикаго,Chicago,2002,113,США,мюзикл,Роб Маршалл,7.7,https://www.kinopoisk.ru/film/634/
Часы,The Hours,2002,110,США,драма,Стивен Долдри,7.6,https://www.kinopoisk.ru/film/702/
Властелин колец: Братство Кольца,The Lord of the Rings: The Fellowship of the Ring,2001,178,Новая Зеландия,фэнтези,Питер Джексон,8.6,https://www.kinopoisk.ru/film/328/
Игры разума,A Beautiful Mind,2001,135,США,биография,Рон Ховард,8.5,https://www.kinopoisk.ru/film/530/
Мулен Руж,Moulin Rouge!,2001,123,Австралия,мюзикл,Баз Лурман,7.9,https://www.kinopoisk.ru/film/558/
Госфорд-парк,Gosford Park,2001,137,США,драма,Роберт Олтмен,6.8,https://www.kinopoisk.ru/film/683/
В спальне,In the Bedroom,2001,131,США,драма,Тодд Филд,6.8,https://www.kinopoisk.ru/film/711/
Гладиатор,Gladiator,2000,155,США,история,Ридли Скотт,8.6,https://www.kinopoisk.ru/film/474/
Шоколад,Chocolat,2000,121,Великобритания,драма,Лассе Халльстрём,7.9,https://www.kinopoisk.ru/film/636/
Эрин Брокович,Erin Brockovich,2000,126,США,драма,Стивен Содерберг,7.9,https://www.kinopoisk.ru/film/661/
"Крадущийся тигр, затаившийся дракон",Wo hu cang long,2000,120,Тайвань,фэнтези,Энг Ли,7.4,https://www.kinopoisk.ru/film/378/
Траффик,Traffic,2000,147,США,триллер,Стивен Содерберг,7.2,https://www.kinopoisk.ru/film/499/
Зеленая миля,The Green Mile,1999,189,США,драма,Фрэнк Дарабонт,9.1,https://www.kinopoisk.ru/film/435/
Шестое чувство,The Sixth Sense,1999,107,США,детектив,М. Найт Шьямалан,8.2,https://www.kinopoisk.ru/film/395/
Красота по-американски,American Beauty,1999,122,США,драма,Сэм Мендес,8.0,https://www.kinopoisk.ru/film/351/
Правила виноделов,The Cider House Rules,1999,125,США,драма,Лассе Халльстрём,7.7,https://www.kinopoisk.ru/film/6180/
Свой человек,The Insider,1999,157,США,триллер,Майкл Манн,7.6,https://www.kinopoisk.ru/film/467/
Жизнь прекрасна,La vita è bella,1997,116,Италия,военный,Роберто Бениньи,8.6,https://www.kinopoisk.ru/film/381/
Спасти рядового Райана,Saving Private Ryan,1998,169,США,военный,Стивен Спилберг,8.2,https://www.kinopoisk.ru/film/371/
Елизавета,Elizabeth,1998,124,Великобритания,драма,Шекхар Капур,7.7,https://www.kinopoisk.ru/film/5560/
Влюблённый Шекспир,Shakespeare in Love,1998,123,США,драма,Джон Мэдден,7.4,https://www.kinopoisk.ru/film/7662/
Тонкая красная линия,The Thin Red Line,1998,170,США,драма,Терренс Малик,7.4,https://www.kinopoisk.ru/film/3983/
Титаник,Titanic,1997,194,США,мелодрама,Джеймс Кэмерон,8.4,https://www.kinopoisk.ru/film/2213/
Умница Уилл Хантинг,Good Will Hunting,1997,126,США,драма,Гас Ван Сент,8.1,https://www.kinopoisk.ru/film/539/
Секреты Лос-Анджелеса,L.A. Confidential,1997,138,США,детектив,Кёртис Хэнсон,7.9,https://www.kinopoisk.ru/film/363/
Лучше не бывает,As Good as It Gets,1997,139,США,драма,Джеймс Л. Брукс,7.9,https://www.kinopoisk.ru/film/4199/
Мужской стриптиз,The Full Monty,1997,88,Великобритания,драма,Питер Каттанео,7.4,https://www.kinopoisk.ru/film/7732/
Английский пациент,The English Patient,1996,162,США,драма,Энтони Мингелла,7.9,https://www.kinopoisk.ru/film/7636/
Блеск,Shine,1996,105,Австралия,биография,Скотт Хикс,7.8,https://www.kinopoisk.ru/film/16686/
Фарго,Fargo,1995,98,США,триллер,Джоэл Коэн,7.6,https://www.kinopoisk.ru/film/402/
Джерри Магуайер,Jerry Maguire,1996,139,США,драма,Кэмерон Кроу,7.4,https://www.kinopoisk.ru/film/4561/
Тайны и ложь,Secrets & Lies,1996,142,Великобритания,драма,Майк Ли,7.4,https://www.kinopoisk.ru/film/6775/
Храброе сердце,Braveheart,1995,178,США,история,Мэл Гибсон,8.3,https://www.kinopoisk.ru/film/399/
Разум и чувства,Sense and Sensibility,1995,136,Великобритания,драма,Энг Ли,7.9,https://www.kinopoisk.ru/film/6148/
Аполлон 13,Apollo 13,1995,140,США,драма,Рон Ховард,7.7,https://www.kinopoisk.ru/film/2217/
Почтальон,Il postino,1994,113,Италия,драма,Майкл Рэдфорд,7.1,https://www.kinopoisk.ru/film/36136/
Бэйб: Четвероногий малыш,Babe,1995,91,Австралия,драма,Крис Нунен,7.0,https://www.kinopoisk.ru/film/3829/
Побег из Шоушенка,The Shawshank Redemption,1994,142,США,драма,Фрэнк Дарабонт,9.1,https://www.kinopoisk.ru/film/326/
Форрест Гамп,Forrest Gump,1994,142,США,драма,Роберт Земекис,8.9,https://www.kinopoisk.ru/film/448/
Криминальное чтиво,Pulp Fiction,1994,154,США,криминал,Квентин Тарантино,8.7,https://www.kinopoisk.ru/film/342/
Телевикторина,Quiz Show,1994,133,США,драма,Роберт Редфорд,7.2,https://www.kinopoisk.ru/film/4321/
Четыре свадьбы и одни похороны,Four Weddings and a Funeral,1993,117,Великобритания,мелодрама,Майк Ньюэлл,7.1,https://www.kinopoisk.ru/film/6151/
Список Шиндлера,Schindler's List,1993,195,США,драма,Стивен Спилберг,8.8,https://www.kinopoisk.ru/film/329/
Беглец,The Fugitive,1993,130,США,боевик,Эндрю Дэвис,7.9,https://www.kinopoisk.ru/film/3915/
Во имя отца,In the Name of the Father,1993,133,Ирландия,драма,Джим Шеридан,7.8,https://www.kinopoisk.ru/film/4885/
Пианино,The Piano,1992,121,Австралия,драма,Джейн Кэмпион,7.8,https://www.kinopoisk.ru/film/3663/
На исходе дня,The Remains of the Day,1993,134,Великобритания,драма,Джеймс Айвори,7.4,https://www.kinopoisk.ru/film/6154/
Запах женщины,Scent of a Woman,1992,156,США,драма,Мартин Брест,8.4,https://www.kinopoisk.ru/film/4871/
Несколько хороших парней,A Few Good Men,1992,138,США,триллер,Роб Райнер,7.8,https://www.kinopoisk.ru/film/1588/
Непрощенный,Unforgiven,1992,131,США,вестерн,Клинт Иствуд,7.8,https://www.kinopoisk.ru/film/451/
Говардс-Энд,Howards End,1991,142,Великобритания,драма,Джеймс Айвори,7.1,https://www.kinopoisk.ru/film/7740/
Жестокая игра,The Crying Game,1992,112,Великобритания,триллер,Нил Джордан,7.0,https://www.kinopoisk.ru/film/4774/
Молчание ягнят,The Silence of the Lambs,1990,118,США,триллер,Джонатан Демме,8.3,https://www.kinopoisk.ru/film/345/
Красавица и чудовище,Beauty and the Beast,1991,84,США,мультфильм,Гари Труздейл,8.3,https://www.kinopoisk.ru/film/540/
Джон Ф. Кеннеди: Выстрелы в Далласе,JFK,1991,181,США,триллер,Оливер Стоун,7.9,https://www.kinopoisk.ru/film/1107/
Повелитель приливов,The Prince of Tides,1991,132,США,драма,Барбра Стрейзанд,7.3,https://www.kinopoisk.ru/film/23785/
Багси,Bugsy,1991,136,США,драма,Барри Левинсон,7.1,https://www.kinopoisk.ru/film/7623/
Пробуждение,Awakenings,1990,121,США,драма,Пенни Маршалл,8.4,https://www.kinopoisk.ru/film/2950/
Привидение,Ghost,1990,127,США,мелодрама,Джерри Цукер,8.2,https://www.kinopoisk.ru/film/1991/
Славные парни,Goodfellas,1990,140,США,драма,Мартин Скорсезе,8.1,https://www.kinopoisk.ru/film/350/
Танцующий с волками,Dances with Wolves,1990,181,США,драма,Кевин Костнер,8.1,https://www.kinopoisk.ru/film/2037/
Крестный отец 3,The Godfather: Part III,1990,170,США,боевик,Фрэнсис Форд Коппола,7.9,https://www.kinopoisk.ru/film/4500/
Общество мертвых поэтов,Dead Poets Society,1989,128,США,драма,Питер Уир,8.2,https://www.kinopoisk.ru/film/4996/
Моя левая нога,My Left Foot: The Story of Christy Brown,1989,103,Ирландия,драма,Джим Шеридан,7.9,https://www.kinopoisk.ru/film/18784/
Шофер мисс Дэйзи,Driving Miss Daisy,1989,99,США,драма,Брюс Бересфорд,7.6,https://www.kinopoisk.ru/film/6066/
Рожденный четвертого июля,Born on the Fourth of July,1989,145,США,драма,Оливер Стоун,7.6,https://www.kinopoisk.ru/film/7685/
Поле чудес,Field of Dreams,1989,107,США,фэнтези,Фил Олден Робинсон,7.2,https://www.kinopoisk.ru/film/8420/
Человек дождя,Rain Man,1988,133,США,драма,Барри Левинсон,8.2,https://www.kinopoisk.ru/film/519/
Опасные связи,Dangerous Liaisons,1988,119,США,драма,Стивен Фрирз,7.8,https://www.kinopoisk.ru/film/3810/
Миссисипи в огне,Mississippi Burning,1988,128,США,триллер,Алан Паркер,7.7,https://www.kinopoisk.ru/film/2970/
Деловая женщина,Working Girl,1988,109,США,драма,Майк Николс,7.3,https://www.kinopoisk.ru/film/2533/
Турист поневоле,The Accidental Tourist,1988,121,США,драма,Лоуренс Кэздан,6.8,https://www.kinopoisk.ru/film/4979/
Последний император,The Last Emperor,1987,163,Великобритания,биография,Бернардо Бертолуччи,7.9,https://www.kinopoisk.ru/film/7663/
Во власти Луны,Moonstruck,1987,102,США,драма,Норман Джуисон,7.4,https://www.kinopoisk.ru/film/20586/
Роковое влечение,Fatal Attraction,1987,119,США,триллер,Эдриан Лайн,7.2,https://www.kinopoisk.ru/film/8128/
Надежда и слава,Hope and Glory,1987,113,Великобритания,драма,Джон Бурмен,6.9,https://www.kinopoisk.ru/film/17782/
Теленовости,Broadcast News,1987,133,США,драма,Джеймс Л. Брукс,6.6,https://www.kinopoisk.ru/film/2536/
Взвод,Platoon,1986,120,США,военный,Оливер Стоун,8.0,https://www.kinopoisk.ru/film/468/
Дети тишины,Children of a Lesser God,1986,119,США,драма,Рэнда Хейнс,7.6,https://www.kinopoisk.ru/film/22322/
Ханна и её сестры,Hannah and Her Sisters,1986,103,США,драма,Вуди Аллен,7.5,https://www.kinopoisk.ru/film/4334/
Миссия,The Mission,1986,125,Великобритания,драма,Роланд Жоффе,7.4,https://www.kinopoisk.ru/film/7472/
Комната с видом,A Room with a View,1985,117,Великобритания,мелодрама,Джеймс Айвори,7.1,https://www.kinopoisk.ru/film/6742/
Цветы лиловые полей,The Color Purple,1985,154,США,драма,Стивен Спилберг,7.9,https://www.kinopoisk.ru/film/3749/
Из Африки,Out of Africa,1985,161,США,драма,Сидни Поллак,7.6,https://www.kinopoisk.ru/film/1895/
Поцелуй женщины-паука,Kiss of the Spider Woman,1985,120,Бразилия,драма,Эктор Бабенко,7.5,https://www.kinopoisk.ru/film/22323/
Свидетель,Witness,1985,112,США,триллер,Питер Уир,7.1,https://www.kinopoisk.ru/film/5524/
Честь семьи Прицци,Prizzi's Honor,1985,129,США,драма,Джон Хьюстон,7.0,https://www.kinopoisk.ru/film/4207/
Амадей,Amadeus,1984,160,США,драма,Милош Форман,8.2,https://www.kinopoisk.ru/film/397/
Поля смерти,The Killing Fields,1984,142,Великобритания,драма,Роланд Жоффе,7.3,https://www.kinopoisk.ru/film/569/
Место в сердце,Places in the Heart,1984,111,США,драма,Роберт Бентон,7.3,https://www.kinopoisk.ru/film/15934/
Поездка в Индию,A Passage to India,1984,164,Великобритания,драма,Дэвид Лин,6.8,https://www.kinopoisk.ru/film/8761/
Армейская история,A Soldier's Story,1984,101,США,драма,Норман Джуисон,6.8,https://www.kinopoisk.ru/film/15270/
Язык нежности,Terms of Endearment,1983,132,США,драма,Джеймс Л. Брукс,7.3,https://www.kinopoisk.ru/film/2561/
Костюмер,The Dresser,1983,118,Великобритания,драма,Питер Йетс,7.3,https://www.kinopoisk.ru/film/18210/
Парни что надо,The Right Stuff,1983,193,США,драма,Филип Кауфман,6.9,https://www.kinopoisk.ru/film/503/
Большое разочарование,The Big Chill,1983,105,США,драма,Лоуренс Кэздан,6.7,https://www.kinopoisk.ru/film/9247/
Нежное милосердие,Tender Mercies,1983,92,США,драма,Брюс Бересфорд,6.6,https://www.kinopoisk.ru/film/7200/
Ганди,Gandhi,1982,191,Великобритания,драма,Ричард Аттенборо,8.1,https://www.kinopoisk.ru/film/513/
Тутси,Tootsie,1982,116,США,комедия,Сидни Поллак,7.9,https://www.kinopoisk.ru/film/4520/
Инопланетянин,E.T. the Extra-Terrestrial,1982,115,США,фантастика,Стивен Спилберг,7.8,https://www.kinopoisk.ru/film/544/
Вердикт,The Verdict,1982,129,США,драма,Сидни Люмет,7.6,https://www.kinopoisk.ru/film/9548/
Пропавший без вести,Missing,1981,122,США,драма,Коста-Гаврас,7.3,https://www.kinopoisk.ru/film/7706/
Индиана Джонс: В поисках утраченного ковчега,Raiders of the Lost Ark,1981,115,США,приключения,Стивен Спилберг,8.0,https://www.kinopoisk.ru/film/339/
На Золотом пруду,On Golden Pond,1981,109,США,драма,Марк Райделл,7.8,https://www.kinopoisk.ru/film/7686/
Атлантик-Сити,Atlantic City,1980,104,Франция,драма,Луи Маль,7.0,https://www.kinopoisk.ru/film/2390/
Красные,Reds,1981,195,США,драма,Уоррен Битти,7.0,https://www.kinopoisk.ru/film/2808/
Огненные колесницы,Chariots of Fire,1981,125,Великобритания,драма,Хью Хадсон,6.8,https://www.kinopoisk.ru/film/7584/
Человек-слон,The Elephant Man,1980,125,США,драма,Дэвид Линч,8.1,https://www.kinopoisk.ru/film/464/
Бешеный бык,Raging Bull,1980,129,США,драма,Мартин Скорсезе,7.8,https://www.kinopoisk.ru/film/374/
Тэсс,Tess,1979,186,Великобритания,драма,Роман Полански,7.3,https://www.kinopoisk.ru/film/11639/
Обыкновенные люди,Ordinary People,1980,124,США,драма,Роберт Редфорд,7.2,https://www.kinopoisk.ru/film/2810/
Дочь шахтера,Coal Miner's Daughter,1980,124,США,драма,Майкл Аптед,7.1,https://www.kinopoisk.ru/film/13900/
Апокалипсис сегодня,Apocalypse Now,1979,194,США,военный,Фрэнсис Форд Коппола,8.1,https://www.kinopoisk.ru/film/354/
Крамер против Крамера,Kramer vs. Kramer,1979,105,США,драма,Роберт Бентон,8.0,https://www.kinopoisk.ru/film/1902/
Весь этот джаз,All That Jazz,1979,123,США,биография,Боб Фосси,7.7,https://www.kinopoisk.ru/film/7708/
Уходя в отрыв,Breaking Away,1979,101,США,драма,Питер Йетс,7.2,https://www.kinopoisk.ru/film/4102/
Норма Рэй,Norma Rae,1979,114,США,драма,Мартин Ритт,6.9,https://www.kinopoisk.ru/film/2626/
Охотник на оленей,The Deer Hunter,1978,183,США,драма,Майкл Чимино,7.9,https://www.kinopoisk.ru/film/428/
Полуночный экспресс,Midnight Express,1978,121,Великобритания,триллер,Алан Паркер,7.8,https://www.kinopoisk.ru/film/7687/
Возвращение домой,Coming Home,1978,127,США,драма,Хэл Эшби,7.1,https://www.kinopoisk.ru/film/3873/
Незамужняя женщина,An Unmarried Woman,1978,124,США,драма,Пол Мазурски,6.6,https://www.kinopoisk.ru/film/909/
Небеса могут подождать,Heaven Can Wait,1978,101,США,фэнтези,Уоррен Битти,6.6,https://www.kinopoisk.ru/film/6636/
Звёздные войны: Эпизод 4 – Новая надежда,Star Wars,1977,121,США,фантастика,Джордж Лукас,8.1,https://www.kinopoisk.ru/film/333/
Энни Холл,Annie Hall,1977,93,США,мелодрама,Вуди Аллен,7.8,https://www.kinopoisk.ru/film/390/
"До свиданья, дорогая",The Goodbye Girl,1977,111,США,драма,Херберт Росс,7.3,https://www.kinopoisk.ru/film/14920/
Джулия,Julia,1977,117,США,драма,Фред Циннеман,7.0,https://www.kinopoisk.ru/film/1904/
Поворотный пункт,The Turning Point,1977,119,США,драма,Херберт Росс,6.6,https://www.kinopoisk.ru/film/2564/
Рокки,Rocky,1976,120,США,драма,Джон Г. Эвилдсен,8.0,https://www.kinopoisk.ru/film/6462/
Таксист,Taxi Driver,1976,114,США,триллер,Мартин Скорсезе,7.8,https://www.kinopoisk.ru/film/358/
Телесеть,Network,1976,121,США,драма,Сидни Люмет,7.7,https://www.kinopoisk.ru/film/520/
Вся президентская рать,All the President's Men,1976,138,США,триллер,Алан Дж. Пакула,7.5,https://www.kinopoisk.ru/film/493/
На пути к славе,Bound for Glory,1976,147,США,биография,Хэл Эшби,6.6,https://www.kinopoisk.ru/film/2713/
Пролетая над гнездом кукушки,One Flew Over the Cuckoo's Nest,1975,133,США,драма,Милош Форман,8.5,https://www.kinopoisk.ru/film/336/
Барри Линдон,Barry Lyndon,1975,185,Великобритания,драма,Стэнли Кубрик,8.0,https://www.kinopoisk.ru/film/5032/
Собачий полдень,Dog Day Afternoon,1975,130,США,триллер,Сидни Люмет,7.7,https://www.kinopoisk.ru/film/500/
Челюсти,Jaws,1975,124,США,триллер,Стивен Спилберг,7.3,https://www.kinopoisk.ru/film/396/
Нэшвилл,Nashville,1975,160,США,драма,Роберт Олтмен,6.9,https://www.kinopoisk.ru/film/912/
Крестный отец 2,The Godfather: Part II,1974,202,США,драма,Фрэнсис Форд Коппола,8.5,https://www.kinopoisk.ru/film/327/
Китайский квартал,Chinatown,1974,130,США,триллер,Роман Полански,7.7,https://www.kinopoisk.ru/film/365/
Ленни,Lenny,1974,111,США,драма,Боб Фосси,7.7,https://www.kinopoisk.ru/film/4524/
Разговор,The Conversation,1974,113,США,триллер,Фрэнсис Форд Коппола,7.6,https://www.kinopoisk.ru/film/461/
Вздымающийся ад,The Towering Inferno,1974,165,США,боевик,Джон Гиллермин,7.2,https://www.kinopoisk.ru/film/8145/
Афера,The Sting,1973,129,США,драма,Джордж Рой Хилл,8.1,https://www.kinopoisk.ru/film/383/
Шепоты и крики,Viskningar och rop,1972,91,Швеция,драма,Ингмар Бергман,7.9,https://www.kinopoisk.ru/film/66517/
Изгоняющий дьявола,The Exorcist,1973,122,США,ужасы,Уильям Фридкин,7.7,https://www.kinopoisk.ru/film/491/
Американские граффити,American Graffiti,1973,110,США,драма,Джордж Лукас,7.2,https://www.kinopoisk.ru/film/7332/
С шиком,A Touch of Class,1973,109,Великобритания,мелодрама,Мелвин Фрэнк,6.6,https://www.kinopoisk.ru/film/10959/
Крестный отец,The Godfather,1972,175,США,драма,Фрэнсис Форд Коппола,8.7,https://www.kinopoisk.ru/film/325/
Кабаре,Cabaret,1972,124,США,драма,Боб Фосси,8.0,https://www.kinopoisk.ru/film/7745/
Эмигранты,Utvandrarna,1971,191,Швеция,драма,Ян Труэль,7.4,https://www.kinopoisk.ru/film/15172/
Избавление,Deliverance,1972,109,США,триллер,Джон Бурмен,7.2,https://www.kinopoisk.ru/film/550/
Саундер,Sounder,1972,105,США,драма,Мартин Ритт,6.5,https://www.kinopoisk.ru/film/31812/
Последний киносеанс,The Last Picture Show,1971,118,США,драма,Питер Богданович,8.0,https://www.kinopoisk.ru/film/1864/
Заводной апельсин,A Clockwork Orange,1971,137,Великобритания,фантастика,Стэнли Кубрик,7.9,https://www.kinopoisk.ru/film/391/
Скрипач на крыше,Fiddler on the Roof,1971,181,США,мюзикл,Норман Джуисон,7.8,https://www.kinopoisk.ru/film/8274/
Французский связной,The French Connection,1971,104,США,криминал,Уильям Фридкин,7.6,https://www.kinopoisk.ru/film/567/
Николай и Александра,Nicholas and Alexandra,1971,183,Великобритания,драма,Франклин Дж. Шаффнер,7.0,https://www.kinopoisk.ru/film/3598/
История любви,Love Story,1970,100,США,драма,Артур Хиллер,7.9,https://www.kinopoisk.ru/film/5035/
Пять легких пьес,Five Easy Pieces,1970,98,США,драма,Боб Рейфелсон,7.4,https://www.kinopoisk.ru/film/4218/
Военно-полевой госпиталь,MASH,1969,116,США,драма,Роберт Олтмен,7.3,https://www.kinopoisk.ru/film/537/
Аэропорт,Airport,1970,137,США,боевик,Джордж Ситон,7.1,https://www.kinopoisk.ru/film/8160/
Паттон,Patton,1970,172,США,драма,Франклин Дж. Шаффнер,7.0,https://www.kinopoisk.ru/film/433/
Буч Кэссиди и Сандэнс Кид,Butch Cassidy and the Sundance Kid,1969,110,США,вестерн,Джордж Рой Хилл,8.0,https://www.kinopoisk.ru/film/421/
Полуночный ковбой,Midnight Cowboy,1969,113,США,драма,Джон Шлезингер,7.7,https://www.kinopoisk.ru/film/506/
Дзета,Z,1969,127,Франция,триллер,Коста-Гаврас,7.7,https://www.kinopoisk.ru/film/8344/
Тысяча дней Анны,Anne of the Thousand Days,1969,145,Великобритания,драма,Чарльз Джэррот,7.6,https://www.kinopoisk.ru/film/7688/
"Хеллоу, Долли!","Hello, Dolly!",1969,146,США,мюзикл,Джин Келли,7.5,https://www.kinopoisk.ru/film/13177/
Ромео и Джульетта,Romeo and Juliet,1968,138,Великобритания,драма,Франко Дзеффирелли,8.2,https://www.kinopoisk.ru/film/15204/
Смешная девчонка,Funny Girl,1968,151,США,мюзикл,Уильям Уайлер,8.0,https://www.kinopoisk.ru/film/10304/
Лев зимой,The Lion in Winter,1968,134,Великобритания,драма,Энтони Харви,7.7,https://www.kinopoisk.ru/film/514/
Оливер!,Oliver!,1968,153,Великобритания,мюзикл,Кэрол Рид,7.3,https://www.kinopoisk.ru/film/7664/
"Рэйчел, Рэйчел","Rachel, Rachel",1968,101,США,драма,Пол Ньюман,6.5,https://www.kinopoisk.ru/film/13974/
Выпускник,The Graduate,1967,105,США,драма,Майк Николс,7.9,https://www.kinopoisk.ru/film/422/
Бонни и Клайд,Bonnie and Clyde,1967,111,США,криминал,Артур Пенн,7.7,https://www.kinopoisk.ru/film/516/
Полуночная жара,In the Heat of the Night,1967,110,США,драма,Норман Джуисон,7.6,https://www.kinopoisk.ru/film/547/
"Угадай, кто придет к обеду?",Guess Who's Coming to Dinner,1967,108,США,драма,Стэнли Крамер,7.5,https://www.kinopoisk.ru/film/15576/
Доктор Дулиттл,Doctor Dolittle,1967,152,США,мюзикл,Ричард Флейшер,6.2,https://www.kinopoisk.ru/film/25792/
Кто боится Вирджинии Вульф?,Who's Afraid of Virginia Woolf?,1966,131,США,драма,Майк Николс,7.8,https://www.kinopoisk.ru/film/490/
Человек на все времена,A Man for All Seasons,1966,120,Великобритания,драма,Фред Циннеман,7.4,https://www.kinopoisk.ru/film/564/
Песчаная галька,The Sand Pebbles,1966,182,США,драма,Роберт Уайз,7.3,https://www.kinopoisk.ru/film/5459/
Русские идут! Русские идут!,The Russians Are Coming the Russians Are Coming,1966,126,США,комедия,Норман Джуисон,7.1,https://www.kinopoisk.ru/film/15605/
Элфи,Alfie,1966,114,Великобритания,драма,Льюис Гилберт,7.1,https://www.kinopoisk.ru/film/16553/
Звуки музыки,The Sound of Music,1965,172,США,мюзикл,Роберт Уайз,8.0,https://www.kinopoisk.ru/film/7665/
Корабль дураков,Ship of Fools,1965,149,США,драма,Стэнли Крамер,7.7,https://www.kinopoisk.ru/film/16755/
Дорогая,Darling,1965,128,Великобритания,драма,Джон Шлезингер,7.4,https://www.kinopoisk.ru/film/6644/
Доктор Живаго,Doctor Zhivago,1965,197,Италия,мелодрама,Дэвид Лин,7.1,https://www.kinopoisk.ru/film/6643/
Тысяча клоунов,A Thousand Clowns,1965,118,США,драма,Фред Коу,6.4,https://www.kinopoisk.ru/film/13573/
Моя прекрасная леди,My Fair Lady,1964,170,США,мюзикл,Джордж Кьюкор,8.0,https://www.kinopoisk.ru/film/7666/
"Доктор Стрейнджлав, или Как я научился не волноваться и полюбил атомную бомбу",Dr. Strangelove or: How I Learned to Stop Worrying and Love the Bomb,1963,95,Великобритания,комедия,Стэнли Кубрик,8.0,https://www.kinopoisk.ru/film/334/
Грек Зорба,Alexis Zorbas,1964,142,Греция,драма,Михалис Какояннис,7.7,https://www.kinopoisk.ru/film/10198/
Бекет,Becket,1964,148,Великобритания,драма,Питер Гленвилл,7.6,https://www.kinopoisk.ru/film/7689/
Мэри Поппинс,Mary Poppins,1964,139,США,мюзикл,Роберт Стивенсон,7.6,https://www.kinopoisk.ru/film/8156/
Клеопатра,Cleopatra,1963,243,США,биография,Джозеф Лео Манкевич,7.8,https://www.kinopoisk.ru/film/17914/
"Америка, Америка",America America,1963,174,США,драма,Элиа Казан,7.1,https://www.kinopoisk.ru/film/15046/
Полевые лилии,Lilies of the Field,1963,94,США,драма,Ральф Нельсон,7.0,https://www.kinopoisk.ru/film/20571/
Война на Диком Западе,How the West Was Won,1962,164,США,вестерн,Джон Форд,6.9,https://www.kinopoisk.ru/film/1350/
Том Джонс,Tom Jones,1963,129,Великобритания,мелодрама,Тони Ричардсон,6.2,https://www.kinopoisk.ru/film/7667/
Убить пересмешника,To Kill a Mockingbird,1962,129,США,драма,Роберт Маллиган,8.0,https://www.kinopoisk.ru/film/357/
Лоуренс Аравийский,Lawrence of Arabia,1962,216,Великобритания,драма,Дэвид Лин,8.0,https://www.kinopoisk.ru/film/347/
Мятеж на Баунти,Mutiny on the Bounty,1962,178,США,драма,Льюис Майлстоун,7.5,https://www.kinopoisk.ru/film/7156/
Самый длинный день,The Longest Day,1962,178,США,военный,Кен Эннакин,7.2,https://www.kinopoisk.ru/film/1351/
Музыкант,The Music Man,1962,151,США,мюзикл,Мортон ДаКоста,5.8,https://www.kinopoisk.ru/film/8275/
Нюрнбергский процесс,Judgment at Nuremberg,1961,179,США,драма,Стэнли Крамер,8.2,https://www.kinopoisk.ru/film/13738/
Бильярдист,The Hustler,1961,134,США,драма,Роберт Россен,7.8,https://www.kinopoisk.ru/film/459/
Вестсайдская история,West Side Story,1961,153,США,мюзикл,Роберт Уайз,7.2,https://www.kinopoisk.ru/film/1289/
Пушки острова Наварон,The Guns of Navarone,1961,150,Великобритания,военный,Дж. Ли Томпсон,7.1,https://www.kinopoisk.ru/film/7691/
Фанни,Fanny,1961,134,США,драма,Джошуа Логан,6.1,https://www.kinopoisk.ru/film/25592/
Квартира,The Apartment,1960,125,США,драма,Билли Уайлдер,8.0,https://www.kinopoisk.ru/film/404/
Элмер Гантри,Elmer Gantry,1960,146,США,драма,Ричард Брукс,7.2,https://www.kinopoisk.ru/film/18055/
Аламо,The Alamo,1960,162,США,драма,Джон Уэйн,6.6,https://www.kinopoisk.ru/film/1356/
Бродяги,The Sundowners,1960,133,Великобритания,драма,Фред Циннеман,6.3,https://www.kinopoisk.ru/film/3015/
Сыновья и любовники,Sons and Lovers,1960,103,Великобритания,драма,Джек Кардифф,5.8,https://www.kinopoisk.ru/film/14568/
Бен-Гур,Ben-Hur,1959,212,США,драма,Уильям Уайлер,8.1,https://www.kinopoisk.ru/film/436/
История монахини,The Nun's Story,1959,149,США,драма,Фред Циннеман,8.1,https://www.kinopoisk.ru/film/3016/
Анатомия убийства,Anatomy of a Murder,1959,154,США,драма,Отто Преминджер,7.6,https://www.kinopoisk.ru/film/8343/
Путь в высшее общество,Room at the Top,1958,117,Великобритания,драма,Джек Клейтон,7.6,https://www.kinopoisk.ru/film/14086/
Дневник Анны Франк,The Diary of Anne Frank,1959,180,США,драма,Джордж Стивенс,7.4,https://www.kinopoisk.ru/film/16557/
Кошка на раскаленной крыше,Cat on a Hot Tin Roof,1958,108,США,драма,Ричард Брукс,7.9,https://www.kinopoisk.ru/film/13970/
Скованные одной цепью,The Defiant Ones,1958,96,США,драма,Стэнли Крамер,7.7,https://www.kinopoisk.ru/film/3084/
За отдельными столиками,Separate Tables,1958,100,США,драма,Делберт Манн,7.0,https://www.kinopoisk.ru/film/12440/
Тетушка Мэйм,Auntie Mame,1958,143,США,драма,Мортон ДаКоста,6.7,https://www.kinopoisk.ru/film/17349/
Жижи,Gigi,1958,115,США,мюзикл,Винсент Миннелли,6.3,https://www.kinopoisk.ru/film/7668/
12 разгневанных мужчин,12 Angry Men,1956,96,США,драма,Сидни Люмет,8.5,https://www.kinopoisk.ru/film/346/
Свидетель обвинения,Witness for the Prosecution,1957,116,США,драма,Билли Уайлдер,8.2,https://www.kinopoisk.ru/film/489/
Мост через реку Квай,The Bridge on the River Kwai,1957,155,Великобритания,драма,Дэвид Лин,7.7,https://www.kinopoisk.ru/film/369/
Сайонара,Sayonara,1957,147,США,драма,Джошуа Логан,7.3,https://www.kinopoisk.ru/film/7160/
Пэйтон Плейс,Peyton Place,1957,157,США,драма,Марк Робсон,7.0,https://www.kinopoisk.ru/film/26309/
Гигант,Giant,1956,201,США,драма,Джордж Стивенс,7.5,https://www.kinopoisk.ru/film/11556/
Десять заповедей,The Ten Commandments,1956,220,США,драма,Сесил Б. ДеМилль,7.4,https://www.kinopoisk.ru/film/8271/
Вокруг Света за 80 дней,Around the World in Eighty Days,1956,167,США,приключения,Майкл Андерсон,7.1,https://www.kinopoisk.ru/film/2588/
Король и я,The King and I,1956,133,США,мюзикл,Уолтер Лэнг,6.9,https://www.kinopoisk.ru/film/8277/
Дружеское увещевание,Friendly Persuasion,1956,137,США,драма,Уильям Уайлер,6.9,https://www.kinopoisk.ru/film/3337/
Марти,Marty,1955,90,США,драма,Делберт Манн,7.2,https://www.kinopoisk.ru/film/7669/
Татуированная роза,The Rose Tattoo,1955,117,США,драма,Дэниэл Манн,7.1,https://www.kinopoisk.ru/film/21034/
Мистер Робертс,Mister Roberts,1955,123,США,драма,Джон Форд,6.8,https://www.kinopoisk.ru/film/8253/
Пикник,Picnic,1955,115,США,драма,Джошуа Логан,6.6,https://www.kinopoisk.ru/film/11164/
Любовь — самая великолепная вещь на свете,Love Is a Many-Splendored Thing,1955,102,США,драма,Генри Кинг,6.4,https://www.kinopoisk.ru/film/11188/
В порту,On the Waterfront,1954,108,США,драма,Элиа Казан,7.7,https://www.kinopoisk.ru/film/398/
Деревенская девушка,The Country Girl,1954,104,США,драма,Джордж Ситон,7.5,https://www.kinopoisk.ru/film/9027/
Восстание «Кейна»,The Caine Mutiny,1954,124,США,драма,Эдвард Дмитрик,7.2,https://www.kinopoisk.ru/film/8388/
Семь невест для семи братьев,Seven Brides for Seven Brothers,1954,102,США,мюзикл,Стэнли Донен,7.0,https://www.kinopoisk.ru/film/8472/
Три монеты в фонтане,Three Coins in the Fountain,1954,102,США,драма,Жан Негулеско,6.2,https://www.kinopoisk.ru/film/12507/
Римские каникулы,Roman Holiday,1953,118,США,мелодрама,Уильям Уайлер,8.3,https://www.kinopoisk.ru/film/497/
Юлий Цезарь,Julius Caesar,1953,120,США,драма,Джозеф Лео Манкевич,7.5,https://www.kinopoisk.ru/film/7165/
Отныне и во веки веков,From Here to Eternity,1953,118,США,драма,Фред Циннеман,7.2,https://www.kinopoisk.ru/film/563/
Плащаница,The Robe,1953,135,США,драма,Генри Костер,6.6,https://www.kinopoisk.ru/film/1133/
Шейн,Shane,1953,118,США,драма,Джордж Стивенс,6.5,https://www.kinopoisk.ru/film/8453/
Ровно в полдень,High Noon,1952,85,США,триллер,Фред Циннеман,7.5,https://www.kinopoisk.ru/film/401/
Мулен Руж,Moulin Rouge,1952,119,Великобритания,драма,Джон Хьюстон,7.3,https://www.kinopoisk.ru/film/5773/
Тихий человек,The Quiet Man,1952,129,США,драма,Джон Форд,6.8,https://www.kinopoisk.ru/film/549/
Айвенго,Ivanhoe,1952,106,Великобритания,драма,Ричард Торп,6.6,https://www.kinopoisk.ru/film/15238/
Величайшее шоу мира,The Greatest Show on Earth,1952,152,США,драма,Сесил Б. ДеМилль,6.0,https://www.kinopoisk.ru/film/7670/
Трамвай «Желание»,A Streetcar Named Desire,1951,122,США,драма,Элиа Казан,8.0,https://www.kinopoisk.ru/film/486/
Камо грядеши?,Quo Vadis,1951,171,США,драма,Мервин ЛеРой,7.3,https://www.kinopoisk.ru/film/12446/
Место под солнцем,A Place in the Sun,1951,117,США,драма,Джордж Стивенс,7.3,https://www.kinopoisk.ru/film/7693/
Американец в Париже,An American in Paris,1951,114,США,мюзикл,Винсент Миннелли,6.7,https://www.kinopoisk.ru/film/7671/
Решение перед рассветом,Decision Before Dawn,1951,119,США,драма,Анатоль Литвак,6.3,https://www.kinopoisk.ru/film/19212/
Сансет бульвар,Sunset Blvd.,1950,110,США,фильм-нуар,Билли Уайлдер,8.0,https://www.kinopoisk.ru/film/353/
Всё о Еве,All About Eve,1950,138,США,драма,Джозеф Лео Манкевич,8.0,https://www.kinopoisk.ru/film/372/
Отец невесты,Father of the Bride,1950,92,США,драма,Винсент Миннелли,7.2,https://www.kinopoisk.ru/film/13780/
Копи царя Соломона,King Solomon's Mines,1950,103,США,боевик,Комптон Беннетт,6.7,https://www.kinopoisk.ru/film/12447/
Рожденная вчера,Born Yesterday,1950,103,США,драма,Джордж Кьюкор,6.6,https://www.kinopoisk.ru/film/11199/
Наследница,The Heiress,1949,115,США,драма,Уильям Уайлер,7.6,https://www.kinopoisk.ru/film/16771/
Письмо трем женам,A Letter to Three Wives,1949,103,США,драма,Джозеф Лео Манкевич,7.3,https://www.kinopoisk.ru/film/1144/
Вертикальный взлет,Twelve O'Clock High,1949,132,США,драма,Генри Кинг,6.9,https://www.kinopoisk.ru/film/11858/
Вся королевская рать,All the King's Men,1949,105,США,фильм-нуар,Роберт Россен,6.8,https://www.kinopoisk.ru/film/7672/
Поле битвы,Battleground,1949,118,США,боевик,Уильям А. Уэллмен,6.4,https://www.kinopoisk.ru/film/25014/
Сокровища Сьерра Мадре,The Treasure of the Sierra Madre,1947,126,США,драма,Джон Хьюстон,8.0,https://www.kinopoisk.ru/film/393/
Гамлет,Hamlet,1948,154,Великобритания,драма,Лоуренс Оливье,7.6,https://www.kinopoisk.ru/film/5785/
Красные башмачки,The Red Shoes,1948,135,Великобритания,драма,Майкл Пауэлл,7.4,https://www.kinopoisk.ru/film/8443/
Змеиная яма,The Snake Pit,1948,108,США,драма,Анатоль Литвак,7.2,https://www.kinopoisk.ru/film/1147/
Джонни Белинда,Johnny Belinda,1948,102,США,драма,Жан Негулеско,6.9,https://www.kinopoisk.ru/film/7694/
Чудо на 34-й улице,Miracle on 34th Street,1947,96,США,драма,Джордж Ситон,7.8,https://www.kinopoisk.ru/film/1317/
Жена епископа,The Bishop's Wife,1947,109,США,фэнтези,Генри Костер,7.1,https://www.kinopoisk.ru/film/996/
Большие надежды,Great Expectations,1946,118,Великобритания,драма,Дэвид Лин,7.1,https://www.kinopoisk.ru/film/8791/
Джентльменское соглашение,Gentleman's Agreement,1947,118,США,драма,Элиа Казан,7.0,https://www.kinopoisk.ru/film/7673/
Перекрестный огонь,Crossfire,1947,86,США,фильм-нуар,Эдвард Дмитрик,6.3,https://www.kinopoisk.ru/film/8295/
Эта замечательная жизнь,It's a Wonderful Life,1947,130,США,фэнтези,Фрэнк Капра,8.4,https://www.kinopoisk.ru/film/348/
Лучшие годы нашей жизни,The Best Years of Our Lives,1946,170,США,драма,Уильям Уайлер,7.8,https://www.kinopoisk.ru/film/429/
Олененок,The Yearling,1946,128,США,драма,Кларенс Браун,6.9,https://www.kinopoisk.ru/film/11862/
Король Генрих V,The Chronicle History of King Henry the Fifth with His Battell Fought at Agincourt in France,1944,137,Великобритания,драма,Лоуренс Оливье,6.8,https://www.kinopoisk.ru/film/8392/
На краю лезвия,The Razor's Edge,1946,145,США,драма,Эдмунд Гулдинг,6.8,https://www.kinopoisk.ru/film/13443/
Потерянный уик-энд,The Lost Weekend,1945,101,США,драма,Билли Уайлдер,7.8,https://www.kinopoisk.ru/film/7674/
Завороженный,Spellbound,1945,111,США,фильм-нуар,Альфред Хичкок,7.7,https://www.kinopoisk.ru/film/950/
Милдред Пирс,Mildred Pierce,1945,111,США,фильм-нуар,Майкл Кёртиц,7.6,https://www.kinopoisk.ru/film/8292/
Поднять якоря,Anchors Aweigh,1945,140,США,мюзикл,Джордж Сидни,7.6,https://www.kinopoisk.ru/film/12510/
Колокола Святой Марии,The Bells of St. Mary's,1945,126,США,драма,Лео МакКери,6.6,https://www.kinopoisk.ru/film/949/
Двойная страховка,Double Indemnity,1944,107,США,фильм-нуар,Билли Уайлдер,7.9,https://www.kinopoisk.ru/film/364/
Газовый свет,Gaslight,1944,114,США,фильм-нуар,Джордж Кьюкор,7.8,https://www.kinopoisk.ru/film/951/
"С тех пор, как ты ушел",Since You Went Away,1944,177,США,драма,Джон Кромуэлл,6.9,https://www.kinopoisk.ru/film/10427/
Идти своим путем,Going My Way,1944,126,США,драма,Лео МакКери,6.9,https://www.kinopoisk.ru/film/7675/
Уилсон,Wilson,1944,154,США,драма,Генри Кинг,5.7,https://www.kinopoisk.ru/film/19159/
Касабланка,Casablanca,1942,103,США,драма,Майкл Кёртиц,8.0,https://www.kinopoisk.ru/film/330/
Случай в Окс-Боу,The Ox-Bow Incident,1942,75,США,драма,Уильям А. Уэллмен,7.5,https://www.kinopoisk.ru/film/8451/
По ком звонит колокол,For Whom the Bell Tolls,1943,170,США,драма,Сэм Вуд,7.1,https://www.kinopoisk.ru/film/952/
Песня Бернадетт,The Song of Bernadette,1943,156,США,драма,Генри Кинг,7.1,https://www.kinopoisk.ru/film/1157/
Небеса могут подождать,Heaven Can Wait,1943,112,США,фэнтези,Эрнст Любич,6.9,https://www.kinopoisk.ru/film/19111/
"Чем больше, тем веселее",The More the Merrier,1943,104,США,мелодрама,Джордж Стивенс,6.8,https://www.kinopoisk.ru/film/14144/
Мадам Кюри,Madame Curie,1943,124,США,биография,Мервин ЛеРой,6.5,https://www.kinopoisk.ru/film/17399/
В котором мы служим,In Which We Serve,1942,114,Великобритания,драма,Ноэл Кауард,6.4,https://www.kinopoisk.ru/film/18696/
Дозор на Рейне,Watch on the Rhine,1943,114,США,драма,Герман Шумлин,6.0,https://www.kinopoisk.ru/film/13375/
Человеческая комедия,The Human Comedy,1943,117,США,драма,Кларенс Браун,5.8,https://www.kinopoisk.ru/film/10400/
Весь город говорит,The Talk of the Town,1942,118,США,триллер,Джордж Стивенс,7.0,https://www.kinopoisk.ru/film/1005/
Гордость янки,The Pride of the Yankees,1942,128,США,драма,Сэм Вуд,7.0,https://www.kinopoisk.ru/film/3358/
Миссис Минивер,Mrs. Miniver,1942,134,США,драма,Уильям Уайлер,7.0,https://www.kinopoisk.ru/film/7676/
Плоды случайности,Random Harvest,1942,126,США,драма,Мервин ЛеРой,7.0,https://www.kinopoisk.ru/film/27238/
Великолепие Амберсонов,The Magnificent Ambersons,1942,88,США,драма,Орсон Уэллс,6.9,https://www.kinopoisk.ru/film/8554/
49-я параллель,49th Parallel,1941,123,Великобритания,триллер,Майкл Пауэлл,6.7,https://www.kinopoisk.ru/film/15215/
Янки Дудл Денди,Yankee Doodle Dandy,1942,126,США,мюзикл,Майкл Кёртиц,6.4,https://www.kinopoisk.ru/film/8327/
Кингс Роу,Kings Row,1942,127,США,драма,Сэм Вуд,6.3,https://www.kinopoisk.ru/film/10338/
Остров Уэйк,Wake Island,1942,88,США,боевик,Джон Фэрроу,5.8,https://www.kinopoisk.ru/film/10679/
Крысолов,The Pied Piper,1942,87,США,драма,Ирвинг Пичел,5.6,https://www.kinopoisk.ru/film/13449/
Гражданин Кейн,Citizen Kane,1941,119,США,драма,Орсон Уэллс,7.8,https://www.kinopoisk.ru/film/331/
Мальтийский сокол,The Maltese Falcon,1941,100,США,фильм-нуар,Джон Хьюстон,7.7,https://www.kinopoisk.ru/film/366/
Подозрение,Suspicion,1941,99,США,фильм-нуар,Альфред Хичкок,7.4,https://www.kinopoisk.ru/film/1006/
Маленькие лисички,The Little Foxes,1941,116,США,драма,Уильям Уайлер,7.3,https://www.kinopoisk.ru/film/13377/
Как зелена была моя долина,How Green Was My Valley,1941,118,США,драма,Джон Форд,7.1,https://www.kinopoisk.ru/film/1169/
Сержант Йорк,Sergeant York,1941,134,США,драма,Ховард Хоукс,7.0,https://www.kinopoisk.ru/film/3360/
Задержите рассвет,Hold Back the Dawn,1941,116,США,драма,Митчелл Лейзен,6.7,https://www.kinopoisk.ru/film/2083/
А вот и мистер Джордан,Here Comes Mr. Jordan,1941,94,США,фэнтези,Александр Холл,6.4,https://www.kinopoisk.ru/film/3323/
Один шаг в раю,One Foot in Heaven,1941,108,США,драма,Ирвинг Раппер,5.4,https://www.kinopoisk.ru/film/17404/
Цветы в пыли,Blossoms in the Dust,1941,99,США,драма,Мервин ЛеРой,5.1,https://www.kinopoisk.ru/film/10697/
Великий диктатор,The Great Dictator,1940,125,США,драма,Чарльз Чаплин,8.1,https://www.kinopoisk.ru/film/431/
Ребекка,Rebecca,1940,130,США,фильм-нуар,Альфред Хичкок,7.9,https://www.kinopoisk.ru/film/426/
Гроздья гнева,The Grapes of Wrath,1940,129,США,драма,Джон Форд,7.6,https://www.kinopoisk.ru/film/446/
Филадельфийская история,The Philadelphia Story,1940,112,США,мелодрама,Джордж Кьюкор,7.6,https://www.kinopoisk.ru/film/438/
Все это и небо в придачу,"All This, and Heaven Too",1940,141,США,драма,Анатоль Литвак,7.2,https://www.kinopoisk.ru/film/13381/
Иностранный корреспондент,Foreign Correspondent,1940,120,США,боевик,Альфред Хичкок,7.2,https://www.kinopoisk.ru/film/9126/
Письмо,The Letter,1940,95,США,фильм-нуар,Уильям Уайлер,6.9,https://www.kinopoisk.ru/film/8304/
Китти Фойль,Kitty Foyle,1940,108,США,драма,Сэм Вуд,6.8,https://www.kinopoisk.ru/film/26715/
Долгий путь домой,The Long Voyage Home,1940,105,США,драма,Джон Форд,6.3,https://www.kinopoisk.ru/film/1398/
Наш город,Our Town,1940,90,США,драма,Сэм Вуд,5.3,https://www.kinopoisk.ru/film/11217/
Унесённые ветром,Gone with the Wind,1939,222,США,мелодрама,Виктор Флеминг,8.4,https://www.kinopoisk.ru/film/456/
Мистер Смит едет в Вашингтон,Mr. Smith Goes to Washington,1939,129,США,драма,Фрэнк Капра,7.8,https://www.kinopoisk.ru/film/387/
Ниночка,Ninotchka,1939,110,США,мелодрама,Эрнст Любич,7.7,https://www.kinopoisk.ru/film/8254/
Волшебник страны Оз,The Wizard of Oz,1939,101,США,мюзикл,Виктор Флеминг,7.6,https://www.kinopoisk.ru/film/379/
Дилижанс,Stagecoach,1939,96,США,драма,Джон Форд,7.5,https://www.kinopoisk.ru/film/524/
Победить темноту,Dark Victory,1939,104,США,драма,Эдмунд Гулдинг,7.1,https://www.kinopoisk.ru/film/12935/
"До свидания, мистер Чипс","Goodbye, Mr. Chips",1939,114,Великобритания,драма,Сэм Вуд,7.0,https://www.kinopoisk.ru/film/18702/
Грозовой перевал,Wuthering Heights,1939,104,США,драма,Уильям Уайлер,6.9,https://www.kinopoisk.ru/film/8574/
Любовный роман,Love Affair,1939,88,США,драма,Лео МакКери,6.9,https://www.kinopoisk.ru/film/25609/
О мышах и людях,Of Mice and Men,1939,106,США,драма,Льюис Майлстоун,6.8,https://www.kinopoisk.ru/film/3159/
Пигмалион,Pygmalion,1938,96,Великобритания,драма,Энтони Эсквит,7.9,https://www.kinopoisk.ru/film/79497/
Великая иллюзия,La grande illusion,1937,114,Франция,драма,Жан Ренуар,7.8,https://www.kinopoisk.ru/film/473/
С собой не унесешь,You Can't Take It with You,1938,126,США,драма,Фрэнк Капра,7.8,https://www.kinopoisk.ru/film/7677/
Иезавель,Jezebel,1938,104,США,драма,Уильям Уайлер,7.3,https://www.kinopoisk.ru/film/10000/
Летчик-испытатель,Test Pilot,1938,119,США,драма,Виктор Флеминг,7.1,https://www.kinopoisk.ru/film/10446/
Приключения Робин Гуда,The Adventures of Robin Hood,1938,98,США,боевик,Майкл Кёртиц,7.0,https://www.kinopoisk.ru/film/484/
Город мальчиков,Boys Town,1938,96,США,драма,Норман Торог,6.8,https://www.kinopoisk.ru/film/26280/
Цитадель,The Citadel,1938,110,Великобритания,драма,Кинг Видор,6.3,https://www.kinopoisk.ru/film/17360/
Рэгтайм Бэнд Александра,Alexander's Ragtime Band,1938,106,США,мюзикл,Генри Кинг,6.3,https://www.kinopoisk.ru/film/3169/
Четыре дочери,Four Daughters,1938,90,США,драма,Майкл Кёртиц,5.4,https://www.kinopoisk.ru/film/10347/
Потерянный горизонт,Lost Horizon,1937,132,США,фэнтези,Фрэнк Капра,7.4,https://www.kinopoisk.ru/film/8210/
Отважные капитаны,Captains Courageous,1937,117,США,драма,Виктор Флеминг,7.4,https://www.kinopoisk.ru/film/10448/
Дверь на сцену,Stage Door,1937,92,США,драма,Грегори Ла Кава,7.2,https://www.kinopoisk.ru/film/11984/
Ужасная правда,The Awful Truth,1937,90,США,мелодрама,Лео МакКери,7.1,https://www.kinopoisk.ru/film/1015/
Тупик,Dead End,1937,93,США,фильм-нуар,Уильям Уайлер,7.1,https://www.kinopoisk.ru/film/12944/
Звезда родилась,A Star Is Born,1937,111,США,драма,Уильям А. Уэллмен,7.0,https://www.kinopoisk.ru/film/11987/
Жизнь Эмиля Золя,The Life of Emile Zola,1937,116,США,драма,Уильям Дитерле,6.9,https://www.kinopoisk.ru/film/7678/
Сто мужчин и одна девушка,One Hundred Men and a Girl,1937,84,США,драма,Генри Костер,6.8,https://www.kinopoisk.ru/film/11985/
В старом Чикаго,In Old Chicago,1938,95,США,мюзикл,Генри Кинг,6.6,https://www.kinopoisk.ru/film/17860/
Благословенная земля,The Good Earth,1937,138,США,драма,Сидни Франклин,6.3,https://www.kinopoisk.ru/film/38702/
Мистер Дидс переезжает в город,Mr. Deeds Goes to Town,1936,115,США,драма,Фрэнк Капра,7.4,https://www.kinopoisk.ru/film/3372/
Оклеветанная,Libeled Lady,1936,98,США,мелодрама,Джек Конуэй,7.1,https://www.kinopoisk.ru/film/1500/
Сан-Франциско,San Francisco,1936,115,США,драма,В.С. Ван Дайк,7.1,https://www.kinopoisk.ru/film/15697/
Три милые девушки,Three Smart Girls,1936,84,США,мюзикл,Генри Костер,6.9,https://www.kinopoisk.ru/film/26404/
Повесть о Луи Пастере,The Story of Louis Pasteur,1936,86,США,драма,Уильям Дитерле,6.8,https://www.kinopoisk.ru/film/79149/
Повесть о двух городах,A Tale of Two Cities,1935,128,США,драма,Джек Конуэй,6.7,https://www.kinopoisk.ru/film/27330/
Великий Зигфелд,The Great Ziegfeld,1936,186,США,биография,Роберт З. Леонард,6.4,https://www.kinopoisk.ru/film/7679/
Додсворт,Dodsworth,1936,101,США,драма,Уильям Уайлер,6.4,https://www.kinopoisk.ru/film/8578/
Ромео и Джульетта,Romeo and Juliet,1936,125,США,драма,Джордж Кьюкор,6.3,https://www.kinopoisk.ru/film/27203/
Антони-неудачник,Anthony Adverse,1936,141,США,драма,Мервин ЛеРой,5.7,https://www.kinopoisk.ru/film/10353/
Мятеж на Баунти,Mutiny on the Bounty,1935,132,США,драма,Фрэнк Ллойд,7.4,https://www.kinopoisk.ru/film/7680/
Цилиндр,Top Hat,1935,100,США,мюзикл,Марк Сэндрич,7.4,https://www.kinopoisk.ru/film/8325/
Одиссея капитана Блада,Captain Blood,1935,119,США,боевик,Майкл Кёртиц,7.2,https://www.kinopoisk.ru/film/16780/
Сон в летнюю ночь,A Midsummer Night's Dream,1935,133,США,фэнтези,Уильям Дитерле,7.1,https://www.kinopoisk.ru/film/16781/
Осведомитель,The Informer,1935,91,США,драма,Джон Форд,6.9,https://www.kinopoisk.ru/film/18097/
Элис Адамс,Alice Adams,1935,99,США,драма,Джордж Стивенс,6.7,https://www.kinopoisk.ru/film/12581/
Жизнь бенгальского улана,The Lives of a Bengal Lancer,1935,109,США,драма,Генри Хэтэуэй,6.6,https://www.kinopoisk.ru/film/3376/
Отверженные,Les Misérables,1935,108,США,драма,Ричард Болеславский,6.5,https://www.kinopoisk.ru/film/16660/
Дэвид Копперфилд,"The Personal History, Adventures, Experience, & Observation of David Copperfield the Younger",1935,130,США,драма,Джордж Кьюкор,6.4,https://www.kinopoisk.ru/film/10459/
Мелодия Бродвея 1936 года,Broadway Melody of 1936,1935,101,США,мюзикл,Рой Дель Рут,6.2,https://www.kinopoisk.ru/film/18632/
Рагглз из Ред-Геп,Ruggles of Red Gap,1935,90,США,мелодрама,Лео МакКери,6.2,https://www.kinopoisk.ru/film/16661/
Капризная Мариетта,Naughty Marietta,1935,105,США,мюзикл,Роберт З. Леонард,5.7,https://www.kinopoisk.ru/film/17888/
Это случилось однажды ночью,It Happened One Night,1934,105,США,мелодрама,Фрэнк Капра,7.9,https://www.kinopoisk.ru/film/437/
Тонкий человек,The Thin Man,1934,91,США,мелодрама,В.С. Ван Дайк,7.1,https://www.kinopoisk.ru/film/553/
Веселый развод,The Gay Divorcee,1934,107,США,мюзикл,Марк Сэндрич,7.1,https://www.kinopoisk.ru/film/16171/
Имитация жизни,Imitation of Life,1934,111,США,драма,Джон М. Стал,6.7,https://www.kinopoisk.ru/film/15737/
Барреты с Уимпол-стрит,The Barretts of Wimpole Street,1934,109,США,драма,Сидни Франклин,6.3,https://www.kinopoisk.ru/film/16662/
Клеопатра,Cleopatra,1934,100,США,драма,Сесил Б. ДеМилль,6.3,https://www.kinopoisk.ru/film/15738/
Да здравствует Вилья!,Viva Villa!,1934,115,США,вестерн,Джек Конуэй,6.0,https://www.kinopoisk.ru/film/30964/
Дом Ротшильдов,The House of Rothschild,1934,88,США,драма,Альфред Л. Веркер,5.4,https://www.kinopoisk.ru/film/27702/
В дело вступает флот,Here Comes the Navy,1934,87,США,драма,Ллойд Бэйкон,5.4,https://www.kinopoisk.ru/film/31142/
Одна ночь любви,One Night of Love,1934,84,США,мелодрама,Виктор Шерцингер,5.2,https://www.kinopoisk.ru/film/172267/
Дорожка флирта,Flirtation Walk,1934,97,США,мюзикл,Фрэнк Борзеги,4.9,https://www.kinopoisk.ru/film/17865/
Парад белых халатов,The White Parade,1934,80,США,драма,Ирвинг Каммингс,4.8,https://www.kinopoisk.ru/film/27701/
Я — беглый каторжник,I Am a Fugitive from a Chain Gang,1932,92,США,фильм-нуар,Мервин ЛеРой,7.7,https://www.kinopoisk.ru/film/8284/
Маленькие женщины,Little Women,1933,115,США,драма,Джордж Кьюкор,7.0,https://www.kinopoisk.ru/film/15591/
Леди на один день,Lady for a Day,1933,96,США,драма,Фрэнк Капра,6.8,https://www.kinopoisk.ru/film/10793/
Частная жизнь Генриха VIII,The Private Life of Henry VIII,1933,97,Великобритания,драма,Александр Корда,6.8,https://www.kinopoisk.ru/film/16664/
"Прощай, оружие",A Farewell to Arms,1932,80,США,драма,Фрэнк Борзеги,6.7,https://www.kinopoisk.ru/film/3382/
42-я улица,42nd Street,1933,89,США,мюзикл,Ллойд Бэйкон,6.7,https://www.kinopoisk.ru/film/8333/
Она обошлась с ним нечестно,She Done Him Wrong,1933,66,США,мюзикл,Лоуелл Шерман,6.0,https://www.kinopoisk.ru/film/1037/
Нежная улыбка,Smilin' Through,1932,98,США,драма,Сидни Франклин,5.9,https://www.kinopoisk.ru/film/33105/
Кавалькада,Cavalcade,1933,112,США,драма,Фрэнк Ллойд,5.8,https://www.kinopoisk.ru/film/7681/
Ярмарка штата,State Fair,1933,99,США,драма,Генри Кинг,5.5,https://www.kinopoisk.ru/film/21868/
Гранд Отель,Grand Hotel,1932,112,США,драма,Эдмунд Гулдинг,7.3,https://www.kinopoisk.ru/film/7682/
Шанхайский экспресс,Shanghai Express,1932,82,США,фильм-нуар,Джозеф фон Штернберг,7.1,https://www.kinopoisk.ru/film/14033/
Чемпион,The Champ,1931,86,США,драма,Кинг Видор,6.5,https://www.kinopoisk.ru/film/30802/
Улыбающийся лейтенант,The Smiling Lieutenant,1931,93,США,мюзикл,Эрнст Любич,6.2,https://www.kinopoisk.ru/film/15749/
Пять последних звезд,Five Star Final,1931,89,США,драма,Мервин ЛеРой,6.1,https://www.kinopoisk.ru/film/12692/
Один час с тобой,One Hour with You,1932,80,США,мюзикл,Джордж Кьюкор,6.1,https://www.kinopoisk.ru/film/26641/
Доктор Эрроусмит,Arrowsmith,1931,108,США,драма,Джон Форд,6.0,https://www.kinopoisk.ru/film/15422/
Плохая девчонка,Bad Girl,1931,90,США,драма,Фрэнк Борзеги,5.4,https://www.kinopoisk.ru/film/206438/
Первая полоса,The Front Page,1931,101,США,комедия,Льюис Майлстоун,6.1,https://www.kinopoisk.ru/film/12010/
Симаррон,Cimarron,1931,123,США,драма,Уэсли Рагглз,6.1,https://www.kinopoisk.ru/film/7683/
Скиппи,Skippy,1931,85,США,драма,Норман Торог,5.7,https://www.kinopoisk.ru/film/30805/
Ист Линн,East Lynne,1931,102,США,драма,Фрэнк Ллойд,5.2,https://www.kinopoisk.ru/film/62005/
Трейдер Хорн,Trader Horn,1931,122,США,боевик,В.С. Ван Дайк,5.0,https://www.kinopoisk.ru/film/256942/
На Западном фронте без перемен,All Quiet on the Western Front,1930,136,США,драма,Льюис Майлстоун,8.0,https://www.kinopoisk.ru/film/460/
Парад любви,The Love Parade,1929,107,США,мюзикл,Эрнст Любич,6.2,https://www.kinopoisk.ru/film/1523/
Развод,The Divorcee,1930,84,США,драма,Роберт З. Леонард,6.2,https://www.kinopoisk.ru/film/26348/
Казенный дом,The Big House,1930,87,США,триллер,Джордж У. Хилл,6.1,https://www.kinopoisk.ru/film/26347/
Дизраэли,Disraeli,1929,90,США,драма,Альфред Э. Грин,5.2,https://www.kinopoisk.ru/film/81389/
Бродвейская мелодия 1929 года,The Broadway Melody,1929,100,США,мюзикл,Гарри Бомонт,5.9,https://www.kinopoisk.ru/film/7684/
В старой Аризоне,In Old Arizona,1928,95,США,мелодрама,Ирвинг Каммингс,5.7,https://www.kinopoisk.ru/film/69350/
Патриот,The Patriot,1928,113,США,триллер,Эрнст Любич,5.7,https://www.kinopoisk.ru/film/201104/
Голливудское ревю,The Hollywood Revue of 1929,1929,130,США,мюзикл,Чарльз Райснер,5.3,https://www.kinopoisk.ru/film/11371/
Алиби,Alibi,1929,91,США,криминал,Роланд Уэст,5.0,https://www.kinopoisk.ru/film/202605/
Седьмое небо,7th Heaven,1927,110,США,драма,Фрэнк Борзеги,7.1,https://www.kinopoisk.ru/film/32509/
Крылья,Wings,1927,144,США,боевик,Уильям А. Уэллмен,7.0,https://www.kinopoisk.ru/film/3409/
Рэкет,The Racket,1928,84,США,фильм-нуар,Льюис Майлстоун,5.9,https://www.kinopoisk.ru/film/86433/
